name,address,dcode,tel,time,X,Y
สำนักงานใหญ่ เทสโก้โลตัส,699 อาคารโมเดอร์นฟอร์มทาวเวอร์ กรุงเทพฯ,1034,02-7229640-79,เวลาเปิด/ปิด 8.00 - 17.00 น.,677546.337012829,1518541.98564382
คาร์ฟู สาขาสุขาภิบาล 3,643/7 ถ.สุขาภิบาล 3 แขวงหัวหมาก กรุงเทพฯ,1006,02-735-3062-73,เวลาเปิด/ปิด 8.00 - 17.00 น.,679289.83709028,1523002.27606537
เทสโก้โลตัส สาขาจรัญสนิทวงศ์,244 ถ.จรัญสนิทวงศ์70 แขวงบางพลัด กรุงเทพฯ,1025,02-4348800,เวลาเปิด/ปิด 8.00 - 17.00 น.,662407.554738622,1524780.3777527
เทสโก้โลตัส สาขาแจ้งวัฒนะ,300 ถ.แจ้งวัฒนะ แขวงทุ่งสองห้อง เขตหลักสี่ กรุงเทพฯ,1041,02-9907555-79,เวลาเปิด/ปิด 8.00 - 17.00 น.,668143.667906639,1536754.0330315
เทสโก้โลตัส สาขาซีคอน สแควร์,55/2 ถ.ศรีนครินทร์ แขวงหนองบอน เขตประเวศ กรุงเทพฯ,1032,02-7219088-117,เปิดเวลา:  09:00-23:00น.,678228.166709931,1514330.17674297
เทสโก้โลตัส สาขาบางแค,266 ถ.เพชรเกษม แขวงบางแคเหนือ เขตบางแค,1040,02-8044800-35,เปิดเวลา 09:00-23:00 น.,653389.54876071,1516431.92152228
เทสโก้โลตัส สาขาบางกะปิ,3109 ถ.ลาดพร้าว แขวงคลองจั่น เขตบางกะปิ,1006,02-730444,เปิดเวลา 09:00-23:00น.,677772.471861923,1522636.30382811
เทสโก้โลตัส สาขาบางปะกอก,538/2 ม.4ถ.สุขสวัสดิ์ 27 แขวงบางปะกอก เขตราษฎรบูรณะ กรุงเทพฯ,1024,02-8721500-24,เปิดเวลา 09:00-23:00น.,662403.68017184,1512659.70107978
เทสโก้โลตัส สาขาประชาชื่น,829 ถ.ประชาราษฎรสาย 2 แขวงบางซื่อ เขตบางซื่อ กรุงเทพฯ,1029,02-8721500-24,เปิดเวลา 09:00-23:00น.,665865.896447653,1526796.52864256
เทสโก้โลตัส สาขาพระราม 2,88/2528 ม.6 ถ.พระรามที่ 2 แขวงแสมดำ เขตบางขุนเทียน กรุงเทพฯ,1021,02-8928130-55,เปิดเวลา 09:00-23:00น.,653471.978606022,1509226.92975925
เทสโก้โลตัส สาขาพระราม 3,172 ถ.นราธิวาสราชนครินทร์ แขวงช่องนนทรี เขตยานนาวา กรุงเทพฯ,1012,02-6810920-44,เปิดเวลา 09:00-23:00น.,666101.894879018,1514582.82862073
เทสโก้โลตัส สาขาพระราม 4,3300 ถ.พระราม 4 แขวงคลองตัน เขตคลองเตย กรุงเทพฯ,1033,02-6728585-90,เปิดเวลา 09:00-23:00น.,669508.71022295,1517122.48175349
เทสโก้โลตัส สาขามีนบุรี,73 ม.18 ถ.สุวินทวงศ์  แขวงมีนบุรี เขตมีนบุรี กรุงเทพฯ,1010,02-6420500-30,เปิดเวลา 09:00-23:00น.,686816.42960933,1528149.23956443
เทสโก้โลตัส สาขาฟอร์จูน ทาวน์,7/1 ฟอร์จูนทาวเวอร์ ถ.รัชดา แขวงดินแดง เขตดินแดง กรุงเทพฯ,1026,02-6420500-30,เปิดเวลา 09:00-23:00น.,669161.099992293,1521358.24021884
เทสโก้โลตัส สาขารามอินทรา,14/2 ม.8 ถ.ประดิษฐมนูธรรม แขวงลาดพร้าว เขตลาดพร้าว กรุงเทพฯ,1038,02-9359800-19,เปิดเวลา 09:00-23:00น.,674560.584365568,1526445.0387688
เทสโก้โลตัส สาขาถนนลาดพร้าว-ถนนพหลโยธิน,1190 ถ.พหลโยธิน แขวงจอมพล เขตจตุจักร กรุงเทพฯ,1030,02-930-9444,เปิดเวลา 09:00-23:00น.,668948.129854871,1528054.02816841
เทสโก้โลตัส สุขาภิบาล 1,629 ม.10 ถ.นวมินทร์ แขวงคลองกุ่ม เขตบึงกุ่ม กรุงเทพฯ,1027,08-9477720-25,เปิดเวลา 09:00-23:00น.,679066.106014184,1528915.35653513
เทสโก้โลตัส สาขาสุขุมวิท50,1710 ถ.สุขุมวิท แขวงพระโขนง เขตพระโขนง กรุงเทพฯ,1033,02-7414444,เปิดเวลา 09:00-23:00น.,673114.689570608,1515706.72502105
เทสโก้โลตัส สาขาหลักสี่,559 ม.3 ถ.พหลโยธิน แขวงอนุสาวรีย์ กรุงเทพฯ,1005,02-955-7500-24,เปิดเวลา 09:00-23:00น.,672967.538832609,1534944.24385443
คาร์ฟู สาขาสุวินทวงศ์,123 ม.16 ถ.สุวินทวงศ์  แขวงมีนบุรี เขตมีนบุรี กรุงเทพฯ,1010,02-9064814-21,เปิดเวลา ทุกวัน 09:00-23:00 น.,685880.306699692,1528181.45729032
คาร์ฟู สาขาเพชรเกษม,29/1 ม.11 ถ.เพชชรเกษม แขวงหนองค้างพลู เขตหนองแขม กรุงเทพฯ,1023,02-807-4754-60,เปิดเวลา: ทุกวัน 09:00-23:00น.,647799.17387759,1515978.34284042
คาร์ฟู สาขารามอินทรา,59 ม.4 ถ.รามอินทรา กม.25 แขวงอนุสาวรีย์ เขตบางเขน กรุงเทพฯ,1005,02-9717555-62,เปิดเวลา ทุกวัน 09:00-23:00น.,674790.201852244,1532984.06994499
คาร์ฟู สาขาพระราม 4,2929 ถ.พระราม 4 แขวงคลองตัน เขตคลองเตย กรุงเทพฯ,1033,02-971-7555-62,เปิดเวลา ทุกวัน 09:00-23:00น.,669589.625134442,1517179.68864709
คาร์ฟู สาขาบางแค,110/6 ม.9 ถ.เพชรเกษม แขวงบางหว้า เขตภาษีเจริญ กรุงเทพฯ,1022,02-8047340-43,เปิดเวลา ทุกวัน 09:00-23:00น.,655035.365459864,1516275.96965831
คาร์ฟู สาขารัชดาภิเษก,125 ถ.รัชดาภิเษก แขวงดินแดง เขตดินแดง กรุงเทพฯ,1026,02-354-0570,เปิดเวลา ทุกวัน 09:00-23:00น.,669906.673375649,1522705.83252886
คาร์ฟู สาขาบางบอน,19/164 ม.6 ถ.เอกชัย แขวงบางบอน เขตบางบอน กรุงเทพฯ,1050,02-898-0991-8,เปิดเวลา ทุกวัน 09:00-23:00น.,655210.777406965,1512674.15080488
คาร์ฟู สาขาบางปะกอก,278 ม.1 ถ.สุขสวัสดิ์ แขวงบางปะกอก เขตราษฎร์บูรณะ กรุงเทพฯ,1024,02-898-0991-8,เปิดเวลา ทุกวัน 09:00-23:00น.,661217.26795316,1513216.79492713
คาร์ฟู สาขาอ่อนนุช,114 ซ.อ่อนนุช 1 ถ.สุขุมวิท แขวงพระโขนงเหนือ เขตวัฒนา กรุงเทพฯ,1039,02-311-8099,เปิดเวลา ทุกวัน 09:00-23:00น.,673183.018114184,1516142.30152159
คาร์ฟู สาขาลาดพร้าว,669 ถ.ลาดพร้าว แขวงจอมพล เขตจตุจักร กรุงเทพฯ,1030,02-983-7333,เปิดเวลา ทุกวัน 09:00-23:00น.,669249.458233204,1527344.09553158
คาร์ฟู สาขาอิสรภาพ,2 ถ.อิสรภาพ วัดกัลยา  เขตธนบุรี กรุงเทพฯ,1015,02-890-3000,เปิดเวลา ทุกวัน 09:00-23:00น.,661351.565260543,1518683.00694553
คาร์ฟู สาขาสุขาภิบาล 1,13/40 ถ.นวมินทร์ ม.9 แขวบคลองกุ่ม เขตบึงกุ่ม กรุงเทพฯ,1027,02-9468700,เปิดเวลา ทุกวัน 09:00-23:00น.,678077.476930323,1527733.4289694
คาร์ฟู สาขาหนองจอก,34 ม 1 ถ.เลียบทวี แขวงกระทุ่มราย เขตหนองจอก กรุงเทพฯ,1003,02-9857800,เปิดเวลา ทุกวัน 09:00-23:00น.,700540.477686659,1532530.7085749
คาร์ฟู สาขาพระราม 2,189/1 ม.6 ถ.พระรามที่2 แขวงแสมดำ เขตบางขุนเทียน กรุงเทพฯ,1021,02-4513222,เปิดเวลา ทุกวัน 09:00-23:00น.,653184.560728928,1509138.62980887
คาร์ฟู สาขาสวนหลวง,314-314/1 ถ.เฉลิมพระเกียรติ ร.9 แขวงหนองบอน เขตประเวศ กรุงเทพฯ,1032,02-3282100,เปิดเวลา ทุกวัน 09:00-23:00น.,680432.488486323,1513701.84624862
เทสโก้โลตัส สาขาปิ่นเกล้า,9 ม.6 ถ.บรมราชชนนี แขวงอรุณอัมรินทร์ เขตบางกอกน้อย กรุงเทพฯ,1020,02-8845565,เปิดเวลา 09:00-23:00น.,659778.487202532,1523491.86591801
คาร์ฟู สาขาสายไหม,89-89/3 ม.3 ถ.สายไหม แขวงสายไหม เขตสายไหม กรุงเทพฯ,1042,02-976-4300,เปิดเวลา ทุกวัน 09:00-23:00น.,681591.532365312,1539653.47753647
บิ๊กซี สำนักงานใหญ่,97/11 ชั้น 6 ถ.ราชดำริห์ แขวงลุมพินี เขตปทุมวัน,1007,02655-0666,เวลาเปิด/ปิด 8.00 - 17.00 น.,666612.562139733,1520329.37509115
บิ๊กซี สาขาดอนเมือง,1 ถ.พหลโยธิน ซ.พหลโยธิน 50 แขวงอนุสาวรีย์ เขตบางเขน กรุงเทพฯ,1005,02-973-7222-36,ทุกวัน 9.00 - 23.00 น.,673493.869644908,1536187.70262652
บิ๊กซี สาขาดาวคนอง,1050 ถ.สมเด็จพระเจ้าตากสิน  แขวงบุคโล เขตธนบุรี กรุงเทพฯ,1015,02-876-2777-91,ทุกวัน 9.00 - 23.00 น.,660338.369228632,1514935.50745088
บิ๊กซี สาขาหัวหมาก,2001 ถ.รามคำแหง แขวงหัวหมาก เขตบางกะปิ กรุงเทพฯ,1006,02-718-6000,ทุกวัน 9.00 - 23.00 น.,674308.450233581,1521331.24590987
บิ๊กซี สาขาบางนา,111 ถ.บางนา - ตราด แขวงบางนส เขตบางนา กรุงเทพฯ,1047,02-2744-3260-73,ทุกวัน 9.00 - 23.00 น.,676891.432187133,1511676.98254071
บิ๊กซี สาขาสะพานควาย,618/1 ถ. พหลโยธิน แขวงสามเสนใน เขตพญาไท กรุงเทพฯ,1014,02-616-7555,ทุกวัน 9.00 - 23.00 น.,667522.37247072,1525149.14134205
บิ๋กซี สาขาลาดพร้าว,2539 ถ.ลาดพร้าว83 แขวงคลองเจ้าคุณสิงห์ เขตวังทองหลาง กรุงเทพฯ,1045,02-934-9888-96,ทุกวัน 9.00 - 23.00 น.,674299.187237916,1524592.2775241
บิ๊กซี สาขาราชดำริ,97/11 ถ.ราชดำริห์ แขวงลุมพินี เขตปทุมวัน กรุงเทพฯ,1007,02-250-4888,ทุกวัน 9.00 - 23.00 น.,666637.194530495,1520161.26618348
บิ๊กซี สาขาแฟชั่นไอส์แลนด์,2539 ถ.ลาดพร้าว แขวงวังทองหลาง เขตวังทองหลาง กรุงเทพฯ,1043,02-9349888-96,ทุกวัน 9.00 - 23.00 น.,681467.047195895,1529100.8468971
บิ๊กซี สาขาวงศ์สว่าง,888 ถ.พิบูลย์สงครา แขวงบางซื่อ เขตบางซื่อ กรุงเทพฯ,1029,02-587-2055,ทุกวัน 9.00 - 23.00 น.,665182.210439197,1529104.9768608
บิ๊กซี สาขาธนบุรี ปากท่อ,56 ม.6 แขวงแสมดำ เขตบางขุนเทียน กรุงเทพฯ,1021,02-8957600,ทุกวัน 9.00 - 23.00 น.,655789.893313212,1510812.01139337
บิ๊กซี  สาขาราษฎร์บูรณะ,19 ม. 9 ถ.ราษฎร์บูรระ แขวงบางปะกอก เขตราษฎร์บูรณะ กรุงเทพฯ,1024,02-873-1200,ทุกวัน 9.00 - 23.00 น.,662245.135685754,1513199.72860791
บิ๊กซี สาขาแจ้งวัฒนะ,96 ม.1 ถ.แจ้งวัฒนะ แขวงหลักสี่ เขตหลักสี่ กรุงเทพฯ,1041,02-573-5800,ทุกวัน 9.00 - 23.00 น.,668644.647362107,1536498.67120484
สำนักงานใหญ่ บริษัท สหฟาร์ม จำกัด,44/4 ถ.นวมินทร์ แขวงคลองกุ่ม เขตบึงกุ่ม กรุงเทพฯ,1027,02-510-5737,-,679386.426774814,1529899.08164481
ห้างสรรพสินค้า ตั้งฮั่วเส็ง สาขาธนบุรี,289 ถ.สิรินธร แขวงบางบำหรุ เขตบางพลัด กรุงเทพฯ,1025,"02-4340448,02-881-9500",วันเวลา เปิด-ปิด 10.00น.-22.00,660277.382501381,1524767.57743417
ห้างสรรพสินค้า ตั้งฮั่วเส็ง สาขาบางลำพู,172-182 ถ.จักรพงษ์ บางลำพู กรุงเทพฯ,1001,02-280-0936-42,เวลา เปิด-ปิด10.00น.-21.30น,661906.04560282,1521811.6037446
สำนักงานใหญ่เดอะมอลล์,ถนนรามคำแหง แขวงหัวหมาก เขตบางกะปิ กรุงเทพฯ,1006,-,เปิดปิดเวลา 10.00 - 20.00 น,674150.638790773,1520844.69482639
ห้างสรรพสินค้าเดอะมอลล์ 3,1911 ถนนรามคำแหง แขวงหัวหมาก เขต บางกะปิ กรุงเทพฯ,1006,-,ทุกวัน 10.30 น. -21.00 น,674009.193458757,1520977.65080537
เดอะมอลล์ สาขาโฮม เฟรช มาร์ท,ถนนรามคำแหง แขวงหัวหมาก เขตบางกะปิ กรุงเทพฯ,1006,-,จันทร์-ศุกร์ 10.30-22.00น.เสาร์-อาทิตย์10.00-24.00น.,674132.650290996,1520779.27308937
เดอะมอลล์ สาขาท่าพระ,99 ถรัชดาภิเษก  แขวงบุคคโล เขตธนบุรี กรุงเทพฯ,1015,-,จันทร์-ศุกร์10.30-22.00น,660010.038664869,1516538.09849466
เดอะมอลล์ สาขาบางแค,275ม.2 ถ.เพชรเกษม แขวงบางแคเหนือ เขตบางแค กรุงเทพฯ,1040,-,วันจันทร์-ศุกร์ 10.00 น. - 22.00 น.เสาร์-อาทิตย์ 10.00น.-23.00น.,652229.434281346,1516485.27004457
เดอะมอลล์สาขาบางกะปิ,3522 ถ.ลาดพร้าว แขวงคลองจั่น เขตบางกะปิ กรุงเทพฯ,1006,02-318-9190,เวลาเปิด / ปิด :10.30-21.00น,677511.108229068,1522464.7419353
ฟูดแลนด์ สำนักงานใหญ่,2675 ถ.ลาดพร้าว ซ.95 แขวงวังทองหลาง เขตวังทองหลาง กรุงเทพฯ,1045,02-530-0220-22,จันทร์-ศุกร์ : 8.30-18.00 เสาร์ 9.00-16.00,675473.31529022,1523910.89405918
ฟูดแลนด์ สาขาพัฒน์พงศ์,9 ชั้นล่าง ถ.พัฒน์พงษ์ แขวงสุริยวงศ์ เขตบางรัก กรุงเทพฯ,1004,02-234-4558,จันทร์-ศุกร์ : 8.30-18.00 เสาร์ 9.00-16.00 .,665699.889308205,1518368.54712376
ฟูดแลนด์ สาขาหัวหมาก,1851 ถ.สุขุมวิท แขวงหัวหมาก เขตบางกะปิ กรุงเทพฯ,1006,02-314-6763,เปิดบริการ 24 ชั่วโมง,673822.472057725,1520679.49981629
ฟูดแลนด์ สาขาเพชรบุรี,2443 ถ.เพชรบุรีตัดใหม่ แขวงบางกะปิ เขตห้วยขวาง กรุงเทพฯ,1017,02-318-2063,เปิดบริการ 24 ชั่วโมง,672030.800686036,1519956.97578214
ฟูดแลนด์ สาขารามอินทรา,78/5 ม.4 ถ.รามอินทรา แขวงอนุสาวรีย์ เขตบางเขน กรุงเทพฯ,1005,02-521-2560,เปิดบริการ 24 ชั่วโมง,675542.962240547,1532856.19503198
ฟูดแลนด์ สาขาสุขุมวิท ซอย 5,87 อาคารนายเลิศ ชั้นล่าง สุขมวิท 5 ถ.สุขุมวิท คลองเตยเหนือ กรุงเทพฯ,1039,02-254-2247,เปิดบริการ 24 ชั่วโมง,668020.586839414,1519766.86232339
ฟูดแลนด์ สาขาลาดพร้าว,2675 หมู่ 9 ถ.ลาดพร้าว ซ.95 แขวงวังทองหลาง เขตวังทองหลาง กรุงเทพ,1045,02-530-0220-7,เปิดบริการ 24 ชั่วโมง,675466.965157386,1523893.87442644
ฟูดแลนด์ สาขาจรัญสนิทวงศ์,262 ซ.จรัญสนิทวงค์ ถ.จรัญสนิทวงศ์ แขวงบ้านช่างหล่อ เขตบางกอกน้อย กรุงเทพฯฯ,1020,02-411-3333,เปิดบริการ 24 ชั่วโมง,659165.820188975,1521714.70544393
ห้างสรรพสินค้าพาต้า ปิ่นเกล้า สำนักงานใหญ่,125 ถ.สมเด็จพระปิ่นเกล้า แขวงบางยี่ขัน เขตบางพลัด กรุงเทพฯ,1025,02-434-3333,เวลาเปิด / ปิด :10.30-21.30น,660554.138958305,1523117.52254516
ห้างสรรพสินค้ามาบุญครอง,ถนนพญาไท แขวงวังใหม่ เขตปทุมวัน กรุงเทพฯ,1007,-,เวลาเปิด / ปิด :10.00-21.00น,665391.760376844,1520008.77059255
ห้างสรรพสินค้าโตคิว สำนักงานใหญ่,444 อาคารมาบุญครองเซ็นเตอร์ ถ.พญาไท แขวงวังใหม่ เขตปทุมวัน กรุงเทพฯ,1007,02-2217-9023,เวลาเปิด / ปิด :10.30-21.00น,665393.551342697,1519962.20548037
ห้างสรรพสินค้าเซ็นทรัลปิ่นเกล้า,ถ.บรมราชชนนี  แขวงอรุณอัมรินทร์  เขตบางกอกน้อย กรุงเทพฯ,1020,02-8848000-2,จันทร์-ศุกร์ 11:00-21:30 เสาร์ 10:00-22:00 อาทิตย์ 10:00-22:00,659550.653746149,1523591.95590958
ห้างสรรพสินค้า จัสโก้ สาขารัชดาภิเษก,129 ถ.รัชดาภิเษก แขวงดินแดง เขตดินแดง กรุงเทพฯ,1026,02-246-4694-8,จันทร์-ศุกร์ 11:00-21:30 เสาร์ 10:00-22:00 อาทิตย์ 10:00-22:00,669722.156513123,1522645.98592387
ห้างสรรพสินค้า จัสโก้ สาขาสุขุมวิท71,140 ถ.สุขุมวิท71 แขวงพระโขนงเหนือ เขตวัฒนา กรุงเทพฯ,1039,02-382-2001-5,เปิดบริการ 24 ชั่วโมง,672681.904849102,1517190.25096772
ห้างสรรพสินค้า จัสโก้ สาขาประชาอุทิศ,11/12 ม.1 ถ.ประชาอุทิศ แขวงทุ่งครุ เขตทุ่งครุ กรุงเทพฯ,1049,02-873-5032-7,เปิดบริการ 24 ชั่วโมง,662381.280970267,1508404.87561496
ห้างสรรพสินค้า จัสโก้ สาขา ศรีนครินทร์,2669 ถ.พัฒนาการ แขวงสวนหลวง เขตสวนหลวง,1034,02-2322-7002-8,เปิดบริการ 24 ชั่วโมง,677589.790466929,1519112.18528763
สยามแม็คโครจำกัด สาขาบางบอน,40/8 ม10 ถ.สายวงแหวนแยกเอกชัย - เพชรเกษม แขวงบางบอน เขตบางบอน กรุงเทพฯ,1050,02-4168080-90,เวลา 06.00 ? 22.00 น.,652065.773349881,1511038.75895113
สยามแม็คโครจำกัด สาขาลาดพร้าว,3498 ถ.ลาดพร้าว แขวงคลองจั่น เขตบางกะปิ กรุงเทพฯ,1006,02-375-2789,ทำการทุกวัน 10:30-19:30 น.,677315.566363106,1522730.97781647
สยามแม็คโครจำกัด สาขาจรัญสนิทวงศ์,521-521/7 ถ.จรัญสนิทวงศ์ แขวงบางขุนศรี เขตบางกอกน้อย กรุงเทพฯ,1020,0-2864-5714,ทำการทุกวัน 10:30-19:30 น.,658953.892942754,1521847.99015408
สยามแม็คโคร สาขาสาธร (นราธิวาส),1 ถ.นราธิวาสราชนครินทร์ แขวงทุ่งวัดดอน เขตสาธร กรุงเทพฯ,1028,02-676-0676,ทำการทุกวัน 10:30-19:30,665988.375562391,1516170.99295754
สยามแม็คโคร สาขาสามเสน,935/11 ถ.สามเสน แขวงถนนนครไชยศรี เขตดุสิต กรุงเทพฯ,1002,02-241-8400,ทำการทุกวัน 10:30-19:30,663540.425555044,1525140.27534879
ห้างสรรพสินค้าเซ็นทรัล สาขาสีลม,306 ถ.สีลม แขวงสุริยวงศ์ เขตบางรัก กรุงเทพฯ,1004,02-101-8124-37,เวลา 10:00 น. และปิดในเวลา 19:00 น,664396.542552667,1517754.70477757
ห้างสรรพสินค้า เซ็นทรัลชิดลม,ถ.เพลินจิต แขวงลุมพินี เขตปทุมวัน กรุงเทพฯ,1007,02-7937777,เวลาเปิด/ปิด10:00 น.?22:00 น.,666967.312157916,1519996.9845653
ห้างสรรพสินค้า เซ็นทรัลพระราม 3,79/3 ถ.สาธุประดิษฐ์ แขวงช่องนนทรี เขตยานนาวา กรุงเทพฯ,1012,-,เวลาเปิด/ปิด10:00 น.?22:00 น.,666270.723113187,1514819.90998495
ห้างสรรพสินค้าโรบินสัน บางรัก,1522 ถ.เจริญกรุง แขวงบางรัก เขตบางรัก กรุงเทพฯ,1004,-,วันเวลาเปิด-ปิดจันทร์ - พฤหัส 11:00-21:00 น. ศุกร์ 11:00 - 21:30 น. เสาร์ -,663835.116613901,1517233.54397688
ห้างสรรพสินค้าโรบินสัน รัชดา,139 ถ.รัชดาภิเษก แขวงดินแดง เขตดินแดง กรุงเทพฯ,1026,"02-2482626-35,02-2245300-9",จันทร์-ศุกร์ เวลา 10.00 ? 22.00 น.เสาร์-อาทิตย์ และวันหยุดนักขัตฤกษ์ เวลา 1,669962.215380658,1522843.30399841
ห้างสรรพสินค้าโรบินสัน สุขุมวิท,259 ถ.สุขุมวิท แขวงคลองเตยเหนือ เขตวัฒนา กรุงเทพฯ,1039,"02-6511533-42,022525121",จันทร์-ศุกร์ เวลา 10.00 ? 22.00 น.เสาร์-อาทิตย์ และวันหยุดนักขัตฤกษ์ เวลา 1,668599.051039226,1519332.17163089
ห้างสรรพสินค้าโรบินสัน บางแค,110/5 หมู่ 9 ถ.เพชรเกษม แขวงบางหว้า เขตภาษีเจริญ กรุงเทพฯ,1022,02-455-0143-45,จันทร์-ศุกร์ เวลา 10.00 ? 22.00 น.เสาร์-อาทิตย์ และวันหยุดนักขัตฤกษ์ เวลา 1,655072.887076946,1516348.30453864
ห้างสรรพสินค้าโรบินสัน ศรีนครินทร์,904 /1 หมู่ 6 ถ.ศรีนครินทร์ แขวงหนองบอน เขตประเวศ กรุงเทพฯ,1032,02-721-8990-9,เปิดบริการทุกวันตั้งแต่เวลา 10.00-19.00 น.,678258.729728474,1514625.54457852
ห้างสรรพสินค้าโรบินสัน แฟชั่นไอแลนด์,5/7 ม. 7 ถ.รามอินทรา แขวงคันนายาว เขตคันนายาว กรุงเทพฯ,1043,02-9475320-62,"เปิดเวลา: จ-ศุกร์ 11:00-21:00, เสาร์-อา 10:00-21:00",681430.960414829,1528944.6540901
ห้างสรรพสินค้าโรบินสัน ลาดหญ้า,99 ถ.ลาดหญ้า แขวงสมเด็จเจ้าพระยา เขตคลองสาน กรุงเทพฯ,1018,"02-4370111,024370104-5",จันทร์-ศุกร์ เวลา 10.00 ? 22.00 น.เสาร์-อาทิตย์ และวันหยุดนักขัตฤกษ์ เวลา 1,661637.654779288,1518034.04015202
ห้างสรรพสินค้าบางลำภู (ประชาราษฎร์2),162/1 ถ.ประชาราษฎร์ สาย 2 แขวงบางซื่อ เขตบางซื่อ กรุงเทพฯ,1029,02-912-7600-6,ทำการทุกวัน 10:00-18:30น.,664751.714569791,1526771.89913981
ห้างสรรพสินค้าบางลำภู,85/1 ถ.ตานี แขวงตลาดยอด เขตพระนคร กรุงเทพฯ,1001,02-2822507-10,วันเวลาเปิด-ปิด 10.00-22.00 น,661992.087979541,1521770.67417674
ห้างสรรพสินค้าเซ็นทรัล สาขาสีลมคอมเพล็กซ์,191 ถ.สีลม แขวงสีลม เขตบางรัก กรุงเทพฯ,1004,02-231 3333,ทุกวัน เวลา : 10.00-22.00 น,665961.064741426,1518205.4808788
ห้างสรรพสินค้าเซ็นทรัล สาขารามอินทรา,109/9 ม.3 ถ.รามอินทรา แขวงอนุสาวรีย์ เขตบางเขน กรุงเทพฯ,1005,02-797 8000,เวลา เปิด-ปิด- จันทร์-ศุกร์ 10:00-21:00- เสาร์-อาทิตย์ และ วันหยุดนักขัตฤกษ,673090.397214178,1534147.13170437
ห้างสรรพสินค้าเซ็นทรัล บางนา,หมู่ 12 ถ.บางนา-ตราด แขวงบางนา เขตบางนา กรุงเทพฯ,1047,02-7255000,จันทร์ - พฤหัส 10:30 - 21:00 น. ศุกร์ 10:30 - 22:00 น. เสาร์ - อาทิตย์ และว,676760.0276296,1511745.34775927
ห้างสรรพสินค้าเซ็นทรัล สาขาลาดพร้าว,1697 ถ.พหลโยธิน แขวงจตุจักร เขตจตุจักร กรุงเทพฯ,1030,02-9371716,ทุกวันเวลา 10.00 น. - 22.00 น.,668632.449566521,1527959.15921263
ห้างสรรพสินค้าเดอะมอลล์ สาขารามคำแหง(2),1988/2 ถ.รามคำแหง แขวงหัวหมาก เขตบางกะปิ กรุงเทพฯ,1006,02-318-9190,วันจันทร์ - วันศุกร์ 10.30 น. -21.00 น,674190.106719764,1520697.62360535
ห้างสรรพสินค้าเดอะมอลล์ สาขารามคำแหง (4),1911 ถ.รามคำแหง แขวงหัวหมาก เขตบางกะปิ กรุงเทพฯ,1006,-,"เวลาเปิด-ปิดร้าน, วันจันทร์ - วันศุกร์ 10.30 น. -21.00 น",674126.795165433,1521085.11287437
ศูนย์การค้าสยามเซ็นเตอร์,ถ.พระราม 1 แขวงปทุมวัน เขตปทุมวัน กรุงเทพฯ,1007,-,ทุกวันเวลา 10.00 น. - 22.00 น.,665713.562258505,1520193.54379192
ห้างสรรพสินค้าเซ็นทรัลวงศ์สว่าง,888 ถ.พิบูลสงคราม แขวงบางซื่อ เขตบางซื่อ กรุงเทพฯ,1029,-,ทำการทุกวัน 10:00-22:00 .,664297.847436443,1526212.50514354
ห้างวันเดอร์ ดีพาร์ทเม้นสโตร์,24/9 ถ.เพชรเกษม แขวงบางแค เขตบางแค กรุงเทพฯ,1040,24135533,-,653986.568505701,1516290.49200494
ห้างสรรพสินค้า IT Square,ถ.แจ้งวัฒนะ แขวงตลาดบางเขน เขตหลักสี่ กรุงเทพฯ,1041,-,"จ-ศุกร์ 11:00-21:00, เสาร์-อา 10:30-21:00",670840.310124734,1535692.9702176
ห้างสรรพสินค้าจัสโก้,ถ.เอกชัย แขวงบางบอน เขตบางบอน กรุงเทพฯ,1050,-,เปิดบริการทุกวัน 24 ชั่วโมง,654243.815064532,1511883.8568947
ห้างสรรพสินค้าซีคอนสแควร์,ถ.ศรีนครินทร์ แขวงหนองบอน เขตประเวศ กรุงเทพฯ,1032,-,ทำการทุกวัน 10:00-22:00น .,678245.714558323,1514525.14234964
ห้างสรรพสินค้าดีเซมเบอร์,ถ.นวมินทร์ แขวงหัวหมาก เขตบางกะปิ กรุงเทพฯ,1006,-,ทุกวัน จันทร์ ? เสาร์ เวลา 11.00 ? 22.00 น,678206.330368447,1522347.93401609
ห้างฟู๊ดแลนด์ สาขาหลักสี่,333/100 อาคารหลักสี่พลาซ่า ม.4 ถ.แจ้งวัฒนะ แขวงตลาดบางเขน เขตหลักสี่,1041,02-5760601-9,เปิดบริการทุกวัน 24 ชั่วโมง,670902.627829341,1535808.2155939
ห้างฟู๊ดแลนด์ สาขาสุขุมวิท 16,48 อาคารคอมลัมน์ ซ.สุขุมวิท 16 ถ.สุขุมมิตร แขวงคลองเตย เขตคลองเตย กทม.,1033,02-2042177-8,เปิดบริการทุกวัน 24 ชั่วโมง,668704.362457478,1518742.83636818
บิ๊กซี สุขาภิบาล 3,103 ถนนรามคำแหง แขวงมีนบุรี เขตมีนบุรี กรุงเทพฯ,1010,-,ทุกวัน 9.00 - 23.00 น.,686689.064225715,1527213.14739127
คาร์ฟู สุขาภิบาล 3,1245 ถนนรามคำแหง(สุขาภิบาล3)แขวงหัวหมาก เขตบางกะปิ กรุงเทพฯ,1006,-,ทุกวัน 9.00 - 23.00 น.,676613.162125158,1521889.98370639
คาร์ฟู ร่มเกล้า,"42,44 ถ.ร่มเกล้า  แขวงมีนบุรี เขตมีนบุรี กรุงเทพฯ",1010,-,ทุกวัน 9.00 - 23.00 น.,688226.378488722,1526435.0484189
แฟชั่นไอซ์แลนด์,5/7 ม.7 ถ.รามอินทรา แขวงคันนายาว เขตคันนายาว กรุงเทพฯ,1043,"02-9475320,029475369",ทำการทุกวัน 10:00-21:00น .,681421.060170086,1529009.00568092
เกษรพลาซ่า ปทุมวัน,999 ถนนเพลินจิต แขวงลุมพินี ปทุมวัน กรุงเทพฯ,1007,02 656 1149,ทุกวัน 10:00 - 20:00 น,666581.939918301,1520200.80703728
